<?xml version='1.0' encoding='ISO-8859-1'  ?>
<!DOCTYPE toc
  PUBLIC "-//Sun Microsystems Inc.//DTD JavaHelp TOC Version 1.0//EN"
         "http://java.sun.com/products/javahelp/toc_1_0.dtd">
<toc version="1.0">

   <tocitem text="Refactoring operations" target="refactoring.operations" image="folder">
      <tocitem text="How to rename" target="refactoring.rename" image="doc"/>
      <tocitem text="How to move" target="refactoring.move" image="doc"/>
      <tocitem text="How to use migration" target="refactoring.migrate" image="doc"/>
   </tocitem>

   <tocitem text="Usage Search" target="find.findUsages" image="folder">
      <tocitem text="Usage search options for package" target="find.findPackageUsages" image="doc"/>
      <tocitem text="Usage search options for class or interface" target="find.findClassUsages" image="doc"/>
      <tocitem text="Usage search options for method" target="find.findMethodUsages" image="doc"/>
      <tocitem text="Usage search options for variable" target="find.findVariableUsages" image="doc"/>
   </tocitem>

   <tocitem text="Search Result Window" target="refactoring.usagesView" image="doc"/>

   <tocitem text="Managing Projects" target="project.management" image="doc"/>

   <tocitem text="How to Use Commander" target="commander.commander" image="doc"/>
</toc>
