<changelog>
	<entry>
		<date>2001-09-25</date>
		<time>07:59</time>
		<author>ndlesiecki</author>
		<file>
			<name>howto_testcase_jsp.xml</name>
			<revision>1.3</revision>
		</file>
		<msg><![CDATA[updated to include mandatory call to popBody]]></msg>
	</entry>
	<entry>
		<date>2001-09-11</date>
		<time>14:13</time>
		<author><![CDATA[Vincent Massol]]></author>
		<file>
			<name>cactusname.xml</name>
			<revision>1.3</revision>
		</file>
		<msg><![CDATA[typo]]></msg>
	</entry>
	<entry>
		<date>2001-09-18</date>
		<time>17:32</time>
		<author><![CDATA[Vincent Massol]]></author>
		<file>
			<name>howto_ide_jbuilder.xml</name>
			<revision>1.3</revision>
		</file>
		<file>
			<name>howto_ide_vajava.xml</name>
			<revision>1.4</revision>
		</file>
		<msg><![CDATA[removed names of contributors from page as all contributors are now listed on the contributors page]]></msg>
	</entry>
	<entry>
		<date>2001-09-22</date>
		<time>19:20</time>
		<author><![CDATA[Vincent Massol]]></author>
		<file>
			<name>contributors.xml</name>
			<revision>1.10</revision>
		</file>
		<file>
			<name>howto_ejb.xml</name>
			<revision>1.1</revision>
		</file>
		<file>
			<name>howto_ejb_j2eeri.xml</name>
			<revision>1.1</revision>
		</file>
		<msg><![CDATA[new EJB tutorial + changed email address of author]]></msg>
	</entry>
	<entry>
		<date>2001-09-18</date>
		<time>17:25</time>
		<author><![CDATA[Vincent Massol]]></author>
		<file>
			<name>howto_testcase_jsp.xml</name>
			<revision>1.2</revision>
		</file>
		<msg><![CDATA[taglib tutorial provided by Nicholas Lesiecki]]></msg>
	</entry>
	<entry>
		<date>2001-09-15</date>
		<time>12:40</time>
		<author><![CDATA[Vincent Massol]]></author>
		<file>
			<name>contributing.xml</name>
			<revision>1.5</revision>
		</file>
		<file>
			<name>contributors.xml</name>
			<revision>1.8</revision>
		</file>
		<file>
			<name>downloads.xml</name>
			<revision>1.2</revision>
		</file>
		<file>
			<name>getting_started.xml</name>
			<revision>1.3</revision>
		</file>
		<file>
			<name>howto_ant_cactus.xml</name>
			<revision>1.3</revision>
		</file>
		<file>
			<name>howto_ant_install.xml</name>
			<revision>1.2</revision>
		</file>
		<file>
			<name>howto_ant_primer.xml</name>
			<revision>1.4</revision>
		</file>
		<file>
			<name>howto_config.xml</name>
			<revision>1.4</revision>
		</file>
		<file>
			<name>howto_httpunit.xml</name>
			<revision>1.3</revision>
		</file>
		<file>
			<name>howto_ide_jbuilder.xml</name>
			<revision>1.2</revision>
		</file>
		<file>
			<name>howto_ide_vajava.xml</name>
			<revision>1.2</revision>
		</file>
		<file>
			<name>howto_testcase.xml</name>
			<revision>1.2</revision>
		</file>
		<file>
			<name>howto_testcase_filter.xml</name>
			<revision>1.2</revision>
		</file>
		<file>
			<name>howto_testcase_servlet.xml</name>
			<revision>1.2</revision>
		</file>
		<file>
			<name>mailinglist.xml</name>
			<revision>1.2</revision>
		</file>
		<msg><![CDATA[update documentations and scripts to reflect the change of location from Commons to a top level project]]></msg>
	</entry>
	<entry>
		<date>2001-09-11</date>
		<time>14:54</time>
		<author><![CDATA[Vincent Massol]]></author>
		<file>
			<name>features.xml</name>
			<revision>1.13</revision>
		</file>
		<file>
			<name>howto_ant_primer.xml</name>
			<revision>1.3</revision>
		</file>
		<msg><![CDATA[more documentation update]]></msg>
	</entry>
	<entry>
		<date>2001-09-11</date>
		<time>14:33</time>
		<author><![CDATA[Vincent Massol]]></author>
		<file>
			<name>features.xml</name>
			<revision>1.12</revision>
		</file>
		<file>
			<name>getting_started.xml</name>
			<revision>1.2</revision>
		</file>
		<file>
			<name>howto_ant_primer.xml</name>
			<revision>1.2</revision>
		</file>
		<file>
			<name>howto_config.xml</name>
			<revision>1.3</revision>
		</file>
		<file>
			<name>howto_httpunit.xml</name>
			<revision>1.2</revision>
		</file>
		<file>
			<name>howto_ide.xml</name>
			<revision>1.1</revision>
		</file>
		<file>
			<name>howto_ide_jbuilder.xml</name>
			<revision>1.1</revision>
		</file>
		<file>
			<name>howto_ide_vajava.xml</name>
			<revision>1.1</revision>
		</file>
		<file>
			<name>howto_sample.xml</name>
			<revision>1.1</revision>
		</file>
		<file>
			<name>howto_testcase.xml</name>
			<revision>1.1</revision>
		</file>
		<file>
			<name>howto_testcase_filter.xml</name>
			<revision>1.1</revision>
		</file>
		<file>
			<name>howto_testcase_jsp.xml</name>
			<revision>1.1</revision>
		</file>
		<file>
			<name>howto_testcase_servlet.xml</name>
			<revision>1.1</revision>
		</file>
		<file>
			<name>mockobjects.xml</name>
			<revision>1.5</revision>
		</file>
		<msg><![CDATA[documentation update]]></msg>
	</entry>
	<entry>
		<date>2001-09-12</date>
		<time>11:50</time>
		<author><![CDATA[Vincent Massol]]></author>
		<file>
			<name>cactusname.xml</name>
			<revision>1.4</revision>
		</file>
		<file>
			<name>contributors.xml</name>
			<revision>1.7</revision>
		</file>
		<msg><![CDATA[reorganized the contributor page and added information on the history of Cactus]]></msg>
	</entry>
	<entry>
		<date>2001-09-16</date>
		<time>11:17</time>
		<author><![CDATA[Vincent Massol]]></author>
		<file>
			<name>howto_config.xml</name>
			<revision>1.5</revision>
		</file>
		<file>
			<name>howto_ide_vajava.xml</name>
			<revision>1.3</revision>
		</file>
		<msg><![CDATA[* renamed redirector.jsp in jspRedirector.jsp
* corrected mapping for FilterRedirector (some servlet engine - ex: Orion 1.5.2) will not accept a mapping to itself and need a mapping to a jsp for example - although the jsp do not need to be supplied).
* some Servlet 2.3 API servlet engine are still using getFilterConfig() and setFilterConfig() for filters (ex: Orion 1.5.2). Added these methods for backward compatibility.
* This leads to fully supporting Orion 1.5.2 now !]]></msg>
	</entry>
	<entry>
		<date>2001-09-18</date>
		<time>17:27</time>
		<author><![CDATA[Vincent Massol]]></author>
		<file>
			<name>contributors.xml</name>
			<revision>1.9</revision>
		</file>
		<msg><![CDATA[new contributor : Nicholas Lesiecki]]></msg>
	</entry>
	<entry>
		<date>2001-09-22</date>
		<time>19:19</time>
		<author><![CDATA[Vincent Massol]]></author>
		<file>
			<name>cactusname.xml</name>
			<revision>1.5</revision>
		</file>
		<file>
			<name>coding_conventions.xml</name>
			<revision>1.4</revision>
		</file>
		<file>
			<name>contributing.xml</name>
			<revision>1.6</revision>
		</file>
		<file>
			<name>downloads.xml</name>
			<revision>1.3</revision>
		</file>
		<file>
			<name>features.xml</name>
			<revision>1.14</revision>
		</file>
		<file>
			<name>getting_started.xml</name>
			<revision>1.4</revision>
		</file>
		<file>
			<name>goals.xml</name>
			<revision>1.6</revision>
		</file>
		<file>
			<name>howto_ant.xml</name>
			<revision>1.2</revision>
		</file>
		<file>
			<name>howto_ant_cactus.xml</name>
			<revision>1.4</revision>
		</file>
		<file>
			<name>howto_ant_install.xml</name>
			<revision>1.3</revision>
		</file>
		<file>
			<name>howto_ant_primer.xml</name>
			<revision>1.5</revision>
		</file>
		<file>
			<name>howto_config.xml</name>
			<revision>1.6</revision>
		</file>
		<file>
			<name>howto_httpunit.xml</name>
			<revision>1.4</revision>
		</file>
		<file>
			<name>howto_ide.xml</name>
			<revision>1.2</revision>
		</file>
		<file>
			<name>howto_ide_jbuilder.xml</name>
			<revision>1.4</revision>
		</file>
		<file>
			<name>howto_ide_vajava.xml</name>
			<revision>1.5</revision>
		</file>
		<file>
			<name>howto_sample.xml</name>
			<revision>1.2</revision>
		</file>
		<file>
			<name>howto_testcase.xml</name>
			<revision>1.3</revision>
		</file>
		<file>
			<name>howto_testcase_filter.xml</name>
			<revision>1.3</revision>
		</file>
		<file>
			<name>howto_testcase_servlet.xml</name>
			<revision>1.3</revision>
		</file>
		<file>
			<name>how_it_works.xml</name>
			<revision>1.2</revision>
		</file>
		<file>
			<name>index.xml</name>
			<revision>1.25</revision>
		</file>
		<file>
			<name>javadoc.xml</name>
			<revision>1.3</revision>
		</file>
		<file>
			<name>license.xml</name>
			<revision>1.4</revision>
		</file>
		<file>
			<name>logos.xml</name>
			<revision>1.4</revision>
		</file>
		<file>
			<name>mailinglist.xml</name>
			<revision>1.3</revision>
		</file>
		<file>
			<name>mockobjects.xml</name>
			<revision>1.6</revision>
		</file>
		<file>
			<name>resources.xml</name>
			<revision>1.3</revision>
		</file>
		<msg><![CDATA[changed email address of author]]></msg>
	</entry>
</changelog>
