<?xml version="1.0"?>

<!DOCTYPE changes SYSTEM "./dtd/changes-v10.dtd">

<changes title="Changes">

  <s1 title="Summary of changes">
    <ul>
      <li>
        <jump anchor="major_news">Major news and announcements</jump>
      </li>
      <li>
        <jump anchor="website_changes">Last 15 days web site changes</jump>
      </li>
      <li>
        <jump anchor="release_changes">Release changes</jump>
      </li>
    </ul>
  </s1>

  <!-- ================================================================= -->
  <!-- Major news and announcements -->
  <!-- ================================================================= -->

  <anchor id="major_news"/>
  <s1 title="Major news and announcements">

    <table>
      <tr>
        <td>
          25/09/2001
        </td>
        <td>
          Cactus 1.2 is now available for
          <link href="downloads.html">download</link> ! Check the
          <link href="changes.html#release_changes">Release Notes</link>.
        </td>
      </tr>
      <tr>
        <td>
          22/09/2001
        </td>
        <td>
          The <link href="howto_ejb.html">EJB testing
          tutorial</link> is now available ! Thanks Hudson !
        </td>
      </tr>
      <tr>
        <td>
          18/09/2001
        </td>
        <td>
          The <link href="howto_testcase_jsp.html">Taglib testing
          tutorial</link> is now available ! Thanks Nicholas !
        </td>
      </tr>
      <tr>
        <td>
          15/09/2001
        </td>
        <td>
          A cactus-dev mailing list has been created (in addition to the
          existing cactus-user one). See the
          <link href="mailinglist.html">Mailing-list page</link>.
        </td>
      </tr>
      <tr>
        <td>
          15/09/2001
        </td>
        <td>
          Cactus is now a top level Jakarta project ! All documentations have
          been updated to reflect this and package names have changed from
          <code>org.apache.commons.cactus.*</code> to
          <code>org.apache.cactus.*</code>.
        </td>
      </tr>
      <tr>
        <td>
          10/09/2001
        </td>
        <td>
          The <link href="howto_testcase_filter.html">Filter testing
          tutorial</link> is now available !
        </td>
      </tr>
    </table>

  </s1>

  <!-- ================================================================= -->
  <!-- Last 15 days web site changes -->
  <!-- ================================================================= -->

  <anchor id="website_changes"/>
  <cvslogs title="Last 15 days web site changes">

    <p>
      These are the changes that happened to the Cactus web site for the past
      15 days since the last site update (excluding the todo and changes pages
      which are modified too often) :
    </p>

    &cvslog;

  </cvslogs>

  <!-- ================================================================= -->
  <!-- Release changes -->
  <!-- ================================================================= -->

  <anchor id="release_changes"/>
  <releases title="Release changes">

    <devs>
      <person name="Vincent Massol" email="vmassol@apache.org" id="VMA"/>
      <person name="Nicholas Lesiecki" email="ndlesiecki@yahoo.com" id="NDL"/>
    </devs>

    <release version="1.2" date="September 25 2001">
      <action dev="NDL" type="add">
        Added code sample for unit testing tag libs.
      </action>
      <action dev="VMA" type="add">
        Tutorial for unit testing EJBs. Thanks to
        <link href="mailto:hudsoncwwong@yahoo.com">Hudson Wong</link>.
      </action>
      <action dev="NDL" type="add">
        Tutorial for unit testing Taglibs.
      </action>
      <action dev="VMA" type="add">
        Tutorial for unit testing Servlet Filters.
      </action>
      <action dev="VMA" type="add">
        <code>HttpServletRequestWrapper.getPathTranslated()</code> now takes
        into account any path info set up in <code>WebRequest.setURL()</code>.
      </action>
      <action dev="VMA" type="fix">
        Transform the <code>WebResponse.getText()</code> and
        <code>WebResponse.getTestAsArray()</code> so that they can be called
        repeatably and produce the same results. Previously the data were
        read from the server output stream and thus the second read was not
        returning anything (as it has already been read).
      </action>
      <action dev="VMA" type="update">
        <strong>Cactus is now a top level Jakarta project. The package names
        have been changed from <code>org.apache.commons.cactus</code> to
        <code>org.apache.cactus</code></strong>.
      </action>
      <action dev="VMA" type="fix" due-to="Nicholas Lesiecki" due-to-email="nick@eblox.com">
        Bug fix: <code>getRequest()</code>, <code>getServletContext()</code>
        and <code>getServletConfig()</code> methods on the
        <code>pageContext</code> implicit object (available in
        <code>JspTestCase</code>) now returns the Cactus wrapped versions of
        these objects, thus taking into account the simulated URL.
      </action>
      <action dev="VMA" type="add">
        Added support for unit testing Servlet Filters (Servlet API 2.3 only)
        by providing a new <code>FilterTestCase</code> test case class. Also
        added some filter unit testing samples in the distribution.
      </action>
      <action dev="VMA" type="fix" due-to="Tony Payne" due-to-email="anthonyp@petsmart.com">
        (<link href="http://nagoya.apache.org/bugzilla/show_bug.cgi?id=3427">
        Bug #3427</link>).
        The Cactus HTTP client was following redirects.
        This is wrong for unit tests as we should be able to assert returned
        headers, cookies, ... even for a redirect response.
      </action>
      <action dev="VMA" type="add">
        New <code>WebRequest.addCookie(String theDomain, String
        theName, String theValue)</code> and
        <code>WebRequest.addCookie(Cookie theCookie)</code> methods for
        adding cookies to the request.
      </action>
      <action dev="VMA" type="add">
       New <code>org.apache.cactus.Cookie</code> class that replaces
       the old <code>org.apache.cactus.util.ClientCookie</code> one
       which has been deprecated. The new Cookie class can be used in
       <code>beginXXX()</code> and <code>endXXX()</code> methods to
       manipulate cookies.
      </action>
      <action dev="VMA" type="update">
        Improved cookie handling and support for domains and paths. It means
        that the domain need to match either the redirector host name or
        the host specified in the call to <code>setURL()</code>, otherwise
        the cookie won't get sent. If no domain is used when adding a cookie
        to <code>WebRequest</code> then "locahost" domain is used. The cookie
        path is optional and can be null. If not null, the cookie is only
        sent for requests starting with the path URL.
      </action>
      <action dev="VMA" type="add">
        New dependency on the Jakarta Commons HttpClient component. It is
        used to manage client cookies, i.e. all Cactus code for managing
        cookies has been removed in favor of HttpClient. The consequence is
        that cookie handling now complies much better to the specifciation.
      </action>
      <action dev="VMA" type="fix" due-to="Ron Smith" due-to-email="rsmith7209@yahoo.com">
        Modified <code>cactus.properties</code> and <code>web.xml</code>
        mappings (by adding a trailing forward slash to redirector URL and
        mappings) to support test cases that returns an HTTP status code
        greater than 400. Otherwise <code>HttpURLConnection</code> returns
        a <code>FileNotFoundException</code>.
      </action>
      <action dev="VMA" type="add">
        Added a <code>Vector getLogs()</code> method to
        <code>ServletContextWrapper</code> that returns a vector of the log
        messages generated by calls to <code>ServletContext.log()</code>.
        This is to easily assert the content of these calls when writing
        test cases.
      </action>
      <action dev="VMA" type="update">
        Some major refactorings and clean up of code ...
      </action>
      <action dev="VMA" type="add">
        Added automatic Ant script support for Orion 1.5.x
      </action>
      <action dev="VMA" type="fix" due-to="Navjeet Chabbewal" due-to-email="navjeet@proxicom.com">
        The test result object that was placed in the
        <code>ServletContext</code> scope was not serializable, causing errors
        on IPlanet 6.x
      </action>
      <action dev="VMA" type="add">
        Added new end method signature that integrates with HttpUnit. You now
        have the possibility to use the full assertion power of HttpUnit in
        your end method. You simply need to define your end methods with the
        following signature :
        <code>endXXX(com.meterware.httpunit.WebResponse)</code>. If you don't
        need that power and only want to do simple asserts you can use the
        <code>endXXX(org.apache.cactus.WebResponse)</code> signature
        which will let you do simple assertions (cookies, headers, content as
        a String, ...).
      </action>
      <action dev="VMA" type="update">
        Deprecated the way to write end methods. The new correct way is
        <code>endXXX(org.apache.cactus.WebResponse theResponse)</code>
        (it was <code>endXXX(HttpURLConnection theConnection)</code>
        previously). All helper methods of <code>AssertUtils</code> have been
        included in <code>WebResponse</code> and <code>AssertUtils</code> is
        now deprecated.
      </action>
      <action dev="VMA" type="update">
        Deprecated <code>ServletTestRequest</code>. New correct way of writing
        a begin method is <code>beginXXX(WebRequest theRequest)</code>. The
        class methods are the same.
      </action>
      <action dev="VMA" type="update" due-to="Paul Dillon" due-to-email="paul.dillon@solnet.com.au">
        The Cactus <code>runservertests</code> custom Ant task will now not
        stop the server if it was running before the task was executed. This
        is to allow to run and rerun Cactus tests without starting/stopping
        the server every time you run the tests.
      </action>
      <action dev="VMA" type="update">
        Updated all Cactus documentation and reorganised it to better
        understand what Cactus is, how it works and how to use it.
      </action>
      <action dev="VMA" type="add">
        The port used to start the servlet engines when running the sample
        tests (using the provided Ant scripts) is now configurable. This allows
        for not interfering with other servers running on the same port.
      </action>
      <action dev="VMA" type="add">
        New tutorial for integration within JBuilder. Thanks to
        <link href="mailto:cchabanois@ifrance.com">Cedric Chabanois</link>
        and <link href="mailto:Kunal_Vaishnav@jdedwards.com">Kunal
        Vaishnav</link> for providing this tutorial.
      </action>
      <action dev="VMA" type="fix" due-to="Jari Worsley" due-to-email="jariw@hyperlink-interactive.co.uk">
        Log4j was not initialized on the server side when using JSP Redirector
        (it was initialized only when using the Servlet Redirector)
      </action>
      <action dev="VMA" type="fix" due-to="Jari Worsley" due-to-email="jariw@hyperlink-interactive.co.uk">
        <code>HttpServletRequestWrapper.getRequestDispatcher()</code> was not
        returning a wrapped request dispatcher, thus causing error when
        forward() or include() was used afterwards.
      </action>
      <action dev="VMA" type="add">
        New tutorial for integration within VisualAge for Java. Thanks to
        <link href="mailto:Todd_Idler@jdedwards.com">
        Todd Idler</link> and <link href="mailto:andrew.forman@wcom.com">
        Andrew B Forman</link> for providing the information for this tutorial.
      </action>
      <action dev="VMA" type="add">
        Added automatic Ant script support for Tomcat 3.3.
      </action>
      <action dev="VMA" type="add" due-to="Jari Worsley" due-to-email="jariw@hyperlink-interactive.co.uk">
        Now all HTTP parameters specified in the URL when using the
        <code>ServletTestRequest.setURL()</code> method are automatically
        passed as real HTTP parameters to the server side, meaning you don't
        have to manually call <code>addParameters()</code>.
      </action>
      <action dev="VMA" type="fix" due-to="Kunal Vaishnav" due-to-email="Kunal_Vaishnav@jdedwards.com">
        Fixed bug : URL encoding was applied to cookies so that when passing
        a special in a cookie it would get encoded when trying to retrieve it.
        Thanks to <link href="mailto:jariw@hyperlink-interactive.co.uk">
        Jari Worsley</link> for fixing it.
      </action>
    </release>

    <release version="1.1" date="June 18 2001">
      <action dev="VMA" type="add" due-to="Robert Leftwich" due-to-email="digital@ix.net.au">
        Added automatic script support for Enhydra 3.1
      </action>
      <action dev="VMA" type="update">
        Tested with JUnit 3.7.
      </action>
      <action dev="VMA" type="add">
        Added automatic script support for Resin 2.0
      </action>
      <action dev="VMA" type="add">
        Added logging facility to Cactus, using the Log4j logging framework.
        In order to make it easy on end users, Log4j is only required when
        building Cactus from the sources. It is however optional when running
        Cactus tests. If the log4j jar is present logs will be generated and if
        not, then no log will be generated.
      </action>
      <action dev="VMA" type="fix" due-to="Bob Davison" due-to-email="bob.davison@reuters.com">
        (<link href="http://nagoya.apache.org/bugzilla/show_bug.cgi?id=1612">
        Bug #1612</link>). With some servlet engines (like Tomcat) there is a
        risk that the test result will not be committed to the servlet
        application scope *before* the client requests the test result, thus
        getting a no result exception or, worse, getting the result from the
        previous test. Also, if the returned result is bigger than the default
        buffer the server would block until the client side reads the data,
        thus resulting in a deadlock with the above-mentionned bug.
      </action>
      <action dev="VMA" type="add">
        Added a new mehod <code>AssertUtils.getResponseAsStringArray()</code>
        that returns the servlet output stream as an array of string (each
        line terminated by a end of line is a string) in the
        same spirit as the <code>AssertUtils.getResponseAsString()</code>
        method which returnes the result as a single string.
      </action>
      <action dev="VMA" type="fix" due-to="Bob Davison" due-to-email="bob.davison@reuters.com">
        (<link href="http://nagoya.apache.org/bugzilla/show_bug.cgi?id=1610">
        Bug #1610</link>). Corrected handling of multi-line text in
        <code>AssertUtils.getResponseAsString()</code> which was not handling
        correctly line terminators (they were skipped).
      </action>
    </release>

    <release version="1.0" date="May 2 2001">
      <action dev="VMA" type="fix" due-to="Arun Katkere" due-to-email="katkere@praja.com">
        (<link href="http://nagoya.apache.org/bugzilla/show_bug.cgi?id=1582">
        Bug #1582</link>). Applied patch from Arun Katkere in order to prevent
        the "connexion reset by peer" error message that may appear in Tomcat
        when the connection is broken without reading the requested URL by the
        custom Ant tasks to start and stop a server.
      </action>
      <action dev="VMA" type="add">
        Added a contributing section that explains how to contribute to Cactus.
      </action>
      <action dev="VMA" type="add">
        Added a license page on the Cactus web site that explains that Cactus
        is under the APL license.
      </action>
      <action dev="VMA" type="add">
        Added a new target called <code>deploy-site</code> that automatically
        deploy the generated web site to it's home page on the Jakarta server.
        This will be very useful when integrated with GUMP nightly builds so
        that the web site is always up to date.
      </action>
      <action dev="VMA" type="update">
        Added a "assigned to" description for items assigned to someone on the
        todo page + lists all the developers already assigned to tasks.
      </action>
      <action dev="VMA" type="update">
        Make the <code>ChangeLogTask</code> work even when not connected to the
        Internet (i.e. use previous <code>cvslog.xml</code> file or generate
        an empty one if non already exists).
      </action>
      <action dev="VMA" type="add">
        Modified the Changes page so that users can see at a glance the list of
        pages that have been modified recently on the Cactus web site.
      </action>
      <action dev="VMA" type="add">
        Display the last updated date on the Cactus web site, in the left menu
      </action>
    </release>

    <release version="1.0b2" date="April 20 2001">
      <action dev="VMA" type="update">
        Some minor refactoring of code (added <code>AbstractTestCase</code>,
        modified <code>AbstractHttpClient</code>, <code>JspHttpClient</code>,
        <code>ServletHttpClient</code>).
      </action>
      <action dev="VMA" type="add" due-to="Hoani Cross" due-to-email="cross@tahiti-surf.com">
        Add handling of multivalued HTTP headers (same header name with different
        values) in <code>ServletTestRequest</code>.
      </action>
      <action dev="VMA" type="update">
        Made the methods <code>setUp()</code> and <code>tearDown()</code>
        protected on the server side so that it is consistent with JUnit.
      </action>
      <action dev="VMA" type="update" due-to="Philip Aston" due-to-email="paston@bea.com">
        Modified the Ant <code>runservertest</code> task so that it also works
        when a servlet engine is already up and running and when a server is
        already stopped prior. This is to support intensive debugging mode when
        we don't want to start/stop the server all the time.
      </action>
      <action dev="VMA" type="add">
        Added a "Cactus scope and status" page on the web
        site that explains the current scope and status of Cactus.
      </action>
      <action dev="VMA" type="add">
        Added a "Cactus goals" page on the web site that
        gives rough goals and guidelines for the future of Cactus.
      </action>
      <action dev="VMA" type="update" due-to="Jeff Turner" due-to-email="jeff@socialchange.net.au">
        Improved build process so that it nows works even if junit, stylebook, ..
        jars are not in the <code>CLASSPATH</code> prior to running the build.
      </action>
    </release>

    <release version="1.0b1" date="April 9 2001">
      <action dev="VMA" type="update">
        Updated the Cactus distribution so that everything is contained into one
        single file (doc + jars + sample). The sources are available separately
        in a second file.
      </action>
      <action dev="VMA" type="add">
        Added a section on the main web site page to explain the reason for the
        Cactus name.
      </action>
      <action dev="VMA" type="update">
        Tested with JUnit 3.6.
      </action>
      <action dev="VMA" type="update">
        Changed the web site skin to be the Jakarta skin and not the Apache XML
        skin. This is because Cactus is now part of the Jakarta Commons project.
      </action>
      <action dev="VMA" type="update">
        Updated the web site installation section to better explain the
        required steps to install Cactus. Namely, it covers
        installing Ant and installing the Cactus Sample application.
      </action>
      <action dev="VMA" type="remove">
        Removed the deliverable dependencies jar. Instead, provides a zipped
        installation of Ant containing the needed jars for tasks used by Cactus
        and Cactus Sample build files.
      </action>
      <action dev="VMA" type="update">
        Removed the <code>misc/</code> directory and JBuilder files from CVS
        and source distribution.
      </action>
      <action dev="VMA" type="update">
        Renamed the project from J2EEUnit to Cactus. Although it was a difficult
        decision to make, it had to be done as J2EE is a Sun trademark. Renamed
        all occurrences of J2EEUnit to Cactus and changed package names (from
        <code>j2eeunit.*</code> to <code>org.apache.commons.cactus.*</code>.
      </action>
      <action dev="VMA" type="fix">
        The sample application sources now contains all needed configuration
        files (the manifest and web.xml files were missing in the previous
        release).
      </action>
      <action dev="VMA" type="update">
        Donated the project to the Apache Software Foundation.
        Changed license from GPL to APL. Moved packages from
        <code>j2eeunit.*</code> to <code>org.apache.commons.j2eeunit.*</code>
        and changed copyrights
      </action>
    </release>

  </releases>

</changes>