<?xml version="1.0"?>

<!DOCTYPE document SYSTEM "./dtd/document-v10.dtd">

<document>
  <header>
    <title>Installing Ant</title>
    <authors>
      <person name="Vincent Massol" email="vmassol@apache.org"/>
    </authors>
  </header>

  <body>

    <s1 title="Forewords">

      <note>
        <strong>You need to have a good understanding of Ant before
        reading this tutorial. If you don't, I suggest you read the
        <link href="http://jakarta.apache.org/ant/manual/index.html">Ant
        User Manual</link> first</strong>.
      </note>

      <p>
        This tutorial explains how to install Ant properly to be able to
        run the Sample application provided with the Cactus distribution and
        also build the Cactus distribution from the sources.
      </p>

    </s1>

    <s1 title="Ant tasks needed by Cactus">

      <p>
        Cactus uses the following optional tasks of Ant :
      </p>
      <ul>
        <li>
          The <strong><code>stylebook</code></strong> task : it is used to
          build the Cactus web site and Cactus documentation. The Stylebook
          version required by the Cactus build is
          the Stylebook 1.0b3 for Xalan2 (named
          <code>stylebook-1.0-b3_xalan-2.jar</code>) which needs the Xalan 2.0
          jar and the Xerces 1.3 jar. <em>The stylebook task is not used by
          the Cactus Sample application build process, so it is only needed
          if you're building from the Cactus sources</em>. This task is
          normally found in the <code>optional.jar</code> Ant jar.
        </li>
        <li>
          The <strong><code>junit</code></strong> task : it is used to run
          the unit tests of Cactus itself and the Cactus unit tests of the
          Sample application. This task is
          normally found in the <code>optional.jar</code> Ant jar.
        </li>
        <li>
          The Cactus Sample application uses some Ant custom tasks provided
          by Cactus in the <code>cactus-ant.jar</code> jar file (
          found in the <code>lib/</code> directory where you unpacked the
          Cactus distribution).
        </li>
      </ul>

      <p>
        In order to simplify the installation of Ant and the gathering of
        the required Ant tasks as described above, we provide a
        prepackaged zip containing everything needed. This is available from
        the <link href="downloads.html">downloads</link> section.
      </p>

    </s1>

    <s1 title="Installing Ant on Windows systems">

      <p>
        Follow the steps below to install Ant :
      </p>
      <ol>
        <li>
          Download Jakarta Ant
          (<code>jakarta-ant-&lt;version&gt;-bin.zip</code>) from
          <link href="http://jakarta.apache.org/ant/index.html">here</link>. I
          recommend version 1.3 or above. Alternatively you can download the
          prepackaged Ant version, as mentionned above.
        </li>
        <li>
          Unzip it in a directory. Let's call this directory
          <code>antroot</code>,
        </li>
        <li>
          Create an environment variable named <code>ANT_HOME</code> that
          points to the <code>antroot</code> directory,
        </li>
        <li>
          Modify the <code>PATH</code> environment variable to include the
          <code>%ANT_HOME%\bin</code> directory (so that you'll be able to type
          <code>ant</code> in a DOS shell, in whatever directory and it will
          call the <code>%ANT_HOME%\bin\ant.bat</code> script,
        </li>
        <li>
          Download the Ant optional task jar
          (<code>jakarta-ant-&lt;version&gt;-optional.jar</code>) from
          <link href="http://jakarta.apache.org/ant/index.html">here</link>
          and put it in <code>%ANT_HOME%\lib</code>. <em>Note that this step
          is needed only if you haven't downloaded the prepackaged zip</em>,
        </li>
        <li>
          If you haven't downloaded the prepackaged Ant zip, you'll need to
          download the Stylebook 1.0b3 for Xalan 2 jar, the latest
          <link href="http://xml.apache.org/xalan-j/">Xalan</link>, the latest
          <link href="http://xml.apache.org/xerces-j">Xerces</link> and the
          latest <link href="http://junit.org">JUnit</link> jars. You'll also
          need to ensure that you use a JAXP 1.1 parser (Ant 1.3 comes with
          a JAXP 1.0 parser only, called <code>parser.jar</code>. Ant 1.4
          already bundles a JAXP 1.1 parser, called <code>crimson.jar</code>).
          You can download one (crimson) from
          <link href="http://java.sun.com/xml/download.html">here</link>. Put
          all these jars in <code>%ANT_HOME%\lib</code>.
        </li>
      </ol>

      <note>
        You should ensure that the Ant optional jar that you download contains
        the &lt;stylebook&gt; and &lt;junit&gt; tasks. Alternatively you can
        download the prepackaged Ant zip as mentionned above.
      </note>

    </s1>

  </body>
</document>
