<?xml version="1.0"?>

<!DOCTYPE document SYSTEM "./dtd/document-v10.dtd">

<document>
  <header>
    <title>ServletTestCase Principles</title>
    <authors>
      <person name="Vincent Massol" email="vmassol@apache.org"/>
    </authors>
  </header>

  <body>

    <s1 title="When to use ?">

      <p>
        Your test case class should extend <code>ServletTestCase</code>
        whenever you are unit testing :
      </p>
      <ul>
        <li>
          Servlets,
        </li>
        <li>
          Any java code that uses Servlet API objects
          (<code>HttpServletRequest</code>, ...)
        </li>
      </ul>

    </s1>

    <s1 title="Provided Implicit Objects">

      <p>
        Cactus automatically initializes the implicit objects for you and
        they are made available to your <code>setUp()</code>,
        <code>testXXX()</code> and <code>tearDown()</code> methods as
        instance variables of the <code>ServletTestCase</code> class (and thus
        as instance variables of your test case class as it extends
        <code>ServletTestCase</code>).
      </p>
      <note>
        You may ask yourself how Cactus initializes these objects. The
        mechanism is described in the <link href="how_it_works.html">How it
        works</link> guide.
      </note>

      <p>
        The provided implicit objects are :
      </p>

      <anchor id="servlet_request"/>
      <s2 title="request">

        <table>
          <tr>
            <td>
              Instance variable name
            </td>
            <td>
              <strong><code>request</code></strong>
            </td>
          </tr>
          <tr>
            <td>
              Class name
            </td>
            <td>
              <code>org.apache.cactus.server.HttpServletRequestWrapper
              </code>, which inherits from
              <code>javax.servlet.http.HttpServletRequest</code>
            </td>
          </tr>
        </table>

        <p>
          Cactus wraps methods of the original HTTP request in order to return
          the HTTP related parameters set up in the <code>beginXXX()</code>
          method. Thus, you will be able to pass this request object to
          your code to test and set the needed parameter in the
          <code>beginXXX()</code> method.
        </p>
        <p>
          For example, if your code under test calls
          <code>getCookies()</code> on the request object that you have
          passed to it, it will return the cookies that you have added to the
          HTTP request in <code>beginXXX()</code> by calling the
          <code>WebRequest.addCookie()</code> method.
        </p>
        <p>
          See the javadoc for the
          <code>org.apache.cactus.WebRequest</code> and
          <code>org.apache.cactus.server.HttpServletRequestWrapper
          </code> classes for all details. You should also look at the
          samples provided in the Cactus distribution.
        </p>
      </s2>

      <anchor id="servlet_response"/>
      <s2 title="response">

        <table>
          <tr>
            <td>
              Instance variable name
            </td>
            <td>
              <strong><code>response</code></strong>
            </td>
          </tr>
          <tr>
            <td>
              Class name
            </td>
            <td>
              <code>javax.servlet.http.HttpServletResponse</code>
            </td>
          </tr>
        </table>

        <note>
          Cactus does not wrap the response.
        </note>

      </s2>

      <anchor id="servlet_config"/>
      <s2 title="config">

        <table>
          <tr>
            <td>
              Instance variable name
            </td>
            <td>
              <strong><code>config</code></strong>
            </td>
          </tr>
          <tr>
            <td>
              Class name
            </td>
            <td>
              <code>org.apache.cactus.server.ServletConfigWrapper
              </code>, which inherits from
              <code>javax.servlet.ServletConfig</code>
            </td>
          </tr>
        </table>

        <p>
          Cactus wraps the original Servlet Config for two reasons :
        </p>
        <ul>
          <li>
            In order to provide additional methods. For example, it is
            possible to initialise parameters without setting them in
            <code>web.xml</code>, etc...,
          </li>
          <li>
            So that it can return a wrapped Servlet Context instead of the
            original one. This is because the Servlet Context is used
            to perform forwards and includes and we need to pass to these
            methods the original request and response. As we have wrapped
            the request, we need to wrap the Servlet Context to pass the
            original request (and not the wrapped one).
          </li>
        </ul>
        <p>
          The <code>config</code> implicit object will contain all
          initialisation parameters defined in <code>web.xml</code>
          under the Servlet Redirector servlet definition.
        </p>
        <p>
          See the javadoc for the
          <code>org.apache.cactus.server.ServletConfigWrapper</code>
          class for all details. You should also look at the
          samples provided in the Cactus distribution.
        </p>
      </s2>

      <anchor id="servlet_session"/>
      <s2 title="session">

        <table>
          <tr>
            <td>
              Instance variable name
            </td>
            <td>
              <strong><code>session</code></strong>
            </td>
          </tr>
          <tr>
            <td>
              Class name
            </td>
            <td>
              <code>javax.servlet.http.HttpSession</code>
            </td>
          </tr>
        </table>

        <note>
          Cactus does not wrap the response.
        </note>

        <p>
          By default, Cactus always creates an HTRP session for your test
          case. It is possible to tell it not to do so by calling the
          <code>WebRequest.setAutomaticSession(false)</code> method (it is
          <code>true</code> by default). This could be useful for cases
          where your code under test verifies branches when
          "<code>request.getSession(false)</code>" is <code>null</code>.
        </p>

      </s2>

    </s1>

    <s1 title="Tips and Tricks">

      <s2 title="Parameter initialisation">

        <p>
          If your code under test make use of any of the servlet methods
          inherited from <code>javax.servlet.GenericServlet</code> (these are
          the <code>log()</code>, <code>getServletConfig()</code>, ...
          methods), then you need to call the <code>init(ServletConfig)</code>
          method of your servlet to initialise its internal
          <code>ServletConfig</code> object.
        </p>
        <p>
          For example :
        </p>

<source><![CDATA[
public void testXXX()
{
    MyServletToTest servlet = new MyServletToTest();
    servlet.init(config);

    // Call a method to test that uses a method inherited from Generic Servlet
    servlet.someMethodToTest();

[...]
}
]]></source>

        <p>
          See the samples provided as part of the Cactus distribution.
        </p>

      </s2>

    </s1>

    <s1 title="Sample">

      <p>
        This is a very basic sample intended to give you a flavour of Servlet
        unit testing. Check the distribution samples for extensive
        examples.
      </p>

      <note>
        This example is for Cactus 1.2 as it uses the new
        <code>WebRequest</code> and <code>WebResponse</code> objects.
      </note>

<source><![CDATA[
public void beginXXX(WebRequest theRequest)
{
    // Set up HTTP related parameters
    theRequest.setURL("jakarta.apache.org", "/mywebapp", "/test/test.jsp",
        null, null);
    theRequest.addCookie("cookiename", "cookievalue");
}

public void testXXX()
{
    MyServletToTest servlet = new MyServletToTest();
    servlet.init(config);

    // Call method to test
    servlet.methodToTest();

    // Perform some server side asserts
    assertEquals("someValue", session.getAttribute("someAttribute"));
    assertEquals("jakarta.apache.org", request.getServerName());
}

public void endXXX(WebResponse theResponse)
{
    // Asserts the returned HTTP response

    Cookie cookie = theResponse.getCookie("someCookie");
    assertEquals("someValue2", cookie.getValue());

    assertEquals("some content here", theResponse.getText());
}
]]></source>

    </s1>

  </body>
</document>
