<?xml version="1.0"?>

<!--
<!DOCTYPE document SYSTEM "./dtd/document-v10.dtd">
-->

<document>
  <header>
    <title>Logos for Cactus</title>
    <authors>
      <person name="Vincent Massol" email="vmassol@apache.org"/>
    </authors>
  </header>

  <body>

    <s1 title="Propositions of logos for Cactus">

      <p>
        Here are contributions for a Cactus logo and associated slogan. Thanks
        to all that have already participated.
      </p>
      <p>
        You can vote for your favorite logo by
        sending a mail on the <link href="mailinglist.html">Cactus mailing
        list</link> with the subject <em>
        "Logo vote"</em>.
      </p>
      <p>
        You can also participate by sending your proposition on the
        <link href="mailinglist.html">Cactus mailing list</link>
        with the subject <em>
        "Logo proposition"</em>. The best logo will be displayed as the
        official Cactus logo in the top right corner of the Cactus web site ...
      </p>

      <s2 title="Proposition 1 : Classic">

        <p>
          This is the current logo being displayed on the Cactus web site. It
          was designed by <link href="mailto:lthouvenot@octo.com">Lyonel
          Thouvenot</link> from <link href="http://www.octo.com">Octo
          Technology</link>.
        </p>

        <figure src="images/logocactus.gif" alt="Proposition 1: Classic"/>

      </s2>

      <s2 title="Proposition 2 : Tomahawk">

        <p>
          This is a proposition from
          <link href="mailto:Victor.Gritsen@pwgsc.gc.ca">Victor Gritsenko</link>
          .
        </p>

        <link href="images/logos/vgritsenko.jpg"><figure src="images/logos/vgritsenko.jpg" height="185" width="119"
        alt="Proposition 2: Tomahawk"/></link>

      </s2>

      <s2 title="Proposition 3 : A happy cactus">

        <p>
          This is a proposition from
          <link href="mailto:harishsk@mindtree.com">Harish S K</link>
          .
        </p>

        <figure src="images/logos/harishsk.jpg" alt="Proposition 3: A happy cactus"/>

      </s2>

      <s2 title="Proposition 3 : Severe testing">

        <p>
          This is a proposition from
          <link href="mailto:Victor.Gritsen@pwgsc.gc.ca">Victor Gritsenko</link>
          .
        </p>

        <link href="images/logos/vgritsenko2.jpg">
        <figure src="images/logos/vgritsenko2.jpg" alt="Proposition 3: Severe testing"
        height="64" width="311"/></link>

      </s2>

    </s1>

    <s1 title="Ideas for logos">

      <p>
        Here are some ideas for logos that have been proposed. If some of you
        have the graphical skills to transform them into reality ...
      </p>
      <p>
        From <link href="mailto:MGervais@medis.ca">Matthieu Gervaus</link> :<br/>
        <em>I don't know if you found your logo for Cactus,
        but <link href="http://manila.userland.com/">
        http://manila.userland.com/</link> has a pretty good looking cactus :)
        </em>
      </p>
      <p>
        From <link href="mailto:Amarnath.Nanduri@Agilquest.com">
        Amarnath Nanduri</link> :<br/>
        <em>One idea for the cactus logo is to have a cactus with dead (or
        dying) bugs on its branches... and the cactus giving a mean and
        triumpant look (at the bugs it has caught).</em>
      </p>
      <p>
        From <link href="mailto:eduardo.m.gamez@intel.com">
        Eduardo M Gamez</link> :<br/>
        <em>How about the word Cactus and have the "t" look like a cactus. The 
        letter "t" resembles a cactus....We have lots of them around Arizona...
        </em>
      </p>

    </s1>

  </body>
</document>
