<?xml version="1.0"?>

<!DOCTYPE document SYSTEM "./dtd/document-v10.dtd">

<document>
  <header>
    <title>Cactus Mailing-List</title>
    <authors>
      <person name="Vincent Massol" email="vmassol@apache.org"/>
    </authors>
  </header>

  <body>

    <s1 title="Mailing List directions">

      <p>
        General information about the jakarta mailing lists can be found
        <link href="http://jakarta.apache.org/site/mail.html">here</link>.
        Please read these guidelines before subscribing or posting to the
        lists.
      </p>
      <p>
        Cactus has 2 lists :
      </p>
      <ul>
        <li>
          <code>cactus-user@jakarta.apache.org</code> : for users of Cactus
        </li>
        <li>
          <code>cactus-dev@jakarta.apache.org</code> : for developers of
          Cactus
        </li>
      </ul>
      <p>
        To subscribe to the user list, send an empty message to
        <link href="mailto:cactus-user-subscribe@jakarta.apache.org">
        cactus-user-subscribe@jakarta.apache.org</link>.
      </p>
      <p>
        Once you're subscribed, send mail to
        <link href="mailto:cactus-user@jakarta.apache.org">
        cactus-user@jakarta.apache.org</link> to post messages on the user
        list.
      </p>
      <p>
        All mail sent to <code>cactus-user@jakarta.apache.org</code> is
        archived
        <link href="http://www.mail-archive.com/cactus-user%40jakarta.apache.org/">
        here</link>.
      </p>
      <note>
        The same applies for the dev mailing list; replace "user" by "dev".
      </note>
      <note>
        The creation of the Cactus dev mailing-list happened on the
        15th of September 2001. Pior to that date dev messages were posted
        to the cactus-user mailing-list (and even for some time after that
        date!).
      </note>
      <note>
        The creation of the Cactus user mailing list happened on the
        5th of July 2001. Prior to that date all messages were posted on the
        <code>jakarta-commons</code> mailing list (and even for some time
        after that date!). You can check the archives of
        <code>jakarta-commons</code>
        <link href="http://www.mail-archive.com/jakarta-commons%40jakarta.apache.org/">
        here</link>.
      </note>

    </s1>

  </body>
</document>
