<?xml version="1.0"?>

<!DOCTYPE document SYSTEM "./dtd/document-v10.dtd">

<document>
  <header>
    <title>Reference Manual</title>
    <authors>
      <person name="Vincent Massol" email="vmassol@apache.org"/>
    </authors>
  </header>

  <body>

    <s1 title="Forewords">

      <p>
        This is a Reference Manual only. The goal is simply to describe all
        the APIs that are specific to Cactus.
      </p>
      <note>
        For a tutorial on how to use Cactus,
        see the <link href="howto_testcase.html">TestCase Howto</link>
        tutorial.
      </note>

      <p>
        This manual explains the different Cactus objects : what they do,
        where they should be used, ... <strong>For detailed information on what
        the methods of these object do, please refer to the Javadoc</strong>.
      </p>

    </s1>

    <s1 title="Cactus Objects">

      <p>
        Here follows the list of objects provided by Cactus that you can use
        to write your test cases :
      </p>
      <ul>
        <li>
          <jump anchor="obj_servletTestRequest">ServletTestRequest</jump>
        </li>
        <li>
          <jump anchor="obj_config">ServletConfigWrapper</jump>
        </li>
        <li>
          <jump anchor="obj_context">ServletContextWrapper</jump>
        </li>
        <li>
          <jump anchor="obj_request">HttpServletRequestWrapper</jump>
        </li>
      </ul>
      <note>
        All the objects that are not mentionned here, like the
        <code>HttpServletResponse</code> object available in the
        <code>response</code> class variable of the <code>ServletTestCase</code>
        class, are real, unmodified objects that come directly from the
        container. Objects described above are either Cactus objects or
        wrappers around real container objects in order to provide additional
        features (they are still delegating all of their calls to the real
        container objects except when described below).
      </note>

      <anchor id="obj_servletTestRequest"/>
      <s2 title="ServletTestRequest">

        <table>
          <tr>
            <td>
              Full class name
            </td>
            <td>
              org.apache.commons.cactus.ServletTestRequest
            </td>
          </tr>
          <tr>
            <td>
              Goal
            </td>
            <td>
              It is used to initialize all HTTP related configuration for a
              given test case.
            </td>
          </tr>
          <tr>
            <td>
              Where is it used ?
            </td>
            <td>
              A handle to it is passed as a parameter of the
              <code>beginXXX()</code> methods by Cactus.
            </td>
          </tr>
          <tr>
            <td>
              Which TestCase ?
            </td>
            <td>
              It is available for all kinds of <code>TestCase</code> (
              <code>ServletTestCase</code>, <code>JspTestCase</code>, ...)
            </td>
          </tr>
        </table>

        <p>
          Cactus works by opening an HTTP connection to the Servlet Redirector,
          so that, on the server side, the <code>HttpServletRequest</code> will
          be filled with real values coming from the HTTP connection, instead
          of faking them. This is why these HTTP related parameters need to
          be initialized before the execution of the <code>testXXX()</code>
          method (which is executed on the server side).
        </p>
        <note>
          For detailed information on how Cactus works, see the
          the "<link href="how_it_works.html">How it works ?</link>" page.
        </note>

        <p>
          The HTTP parameters that you can initialize using this object are :
        </p>
        <ul>
          <li>
            HTTP Parameters,
          </li>
          <li>
            Cookies,
          </li>
          <li>
            HTTP headers,
          </li>
        </ul>

        <p>
          Additionally, it lets you initialize other HTTP related configuration
          parameters :
        </p>
        <ul>
          <li>
            the URL that your server code would have been called with (if it
            had been called directly). This is very useful if your code is
            is relying on this information (like extracting the query string)
            and also for simulating different cases in your test case and
            ensuring your code handles them correctly,
          </li>
          <li>
            the HTTP Method used (POST, GET, ...),
          </li>
          <li>
            whether an HTTP Session should be automatically created before
            your <code>testXXX()</code> is executed. This is useful if your
            code is assuming a Session exists when it is executed. It is also
            interesting to be able to test case where a Session does not exist
            to verify that your code behaves correctly in such a case.
          </li>
        </ul>

      </s2>

      <anchor id="obj_config"/>
      <s2 title="ServletConfigWrapper">
      </s2>

      <anchor id="obj_context"/>
      <s2 title="ServletContextWrapper">
      </s2>

      <anchor id="obj_request"/>
      <s2 title="HttpServletRequestWrapper">
      </s2>

    </s1>

  </body>
</document>
