<?xml version="1.0"?>

<!DOCTYPE document SYSTEM "./dtd/document-v10.dtd">

<document>
  <header>
    <title>Resources</title>
    <authors>
      <person name="Vincent Massol" email="vmassol@apache.org"/>
    </authors>
  </header>

  <body>

    <s1 title="Resources related to testing">

      <s2 title="In-Container unit test approach">

        <p>
          <em>Link :</em>
          <link href="http://www.javaworld.com/javaworld/jw-05-2000/jw-0526-testinfect-2.html">
          Test infect your Enterprise JavaBeans, Javaworld May 2000</link><br/>
          Article that explains the interest of an in-container testing
          approach.
        </p>

      </s2>

      <s2 title="Mock objects unit test approach">
   
        <p>
          See the <link href="mockobjects.html#mo_resources">resources</link>
          section of the <link href="mockobjects.html">Mock Objects vs
          In-Container</link> article.
        </p>

      </s2>

      <s2 title="Others">

        <p>
          <em>Link :</em>
          <link href="http://www.junit.org">JUnit</link>
          The unit testing framework that Cactus extends.
        </p>

        <p>
          <em>Link :</em>
          <link href="http://sourceforge.net/projects/httpunit">HttpUnit</link>
          <em>project on SourceForge</em>.<br/>
          A Java library for the automatic stimulation and testing of web
          applications.
        </p>

      </s2>

    </s1>

  </body>
</document>
