<?xml version="1.0"?>
<!DOCTYPE XwingML SYSTEM "file:///c:/XwingML/xml/xwingml.dtd">
<XwingML>
   <JDialog name="About" title="About Bluestone XMLEdit" modal="true" resizable="false" x="30%" y="30%" width="40%" height="40%">
      <GridBagLayout/>
      <JPanel gridx="0" gridy="0" fill="VERTICAL" weighty="25"/>
      <JLabel text="XwingML XML Editor" gridx="0" gridy="1"/>
      <JPanel gridx="0" gridy="2" fill="VERTICAL" weighty="25"/>
      <BevelBorder type="LOWERED">
         <JLabel icon="XwingML.gif" gridx="0" gridy="3"/>
      </BevelBorder>
      <JPanel gridx="0" gridy="4" fill="VERTICAL" weighty="25"/>
      <JLabel text="Copyright � 1999" gridx="0" gridy="5"/>
      <JLabel text="Bluestone Software, Inc." gridx="0" gridy="6"/>
      <JPanel gridx="0" gridy="7" fill="VERTICAL" weighty="25"/>
      <JButton text="OK" gridy="8" actionCommand="About" actionListener="XMLDismiss"/>
   </JDialog>
</XwingML>