<?xml version="1.0"?>
<!DOCTYPE XwingML SYSTEM "file:///c:/XwingML/xml/xwingml.dtd">
<XwingML>
   <Classes>
      <Instance name="OpenFile" className="XMLOpenFile"/>
      <Instance name="SaveFile" className="XMLSaveFile"/>
      <Instance name="ParseFile" className="XMLParseFile"/>
      <Instance name="About" className="XMLAbout"/>
   </Classes>
   <JFrame name="MainFrame" title="Bluestone XMLEdit" image="icon.gif" x="10%" y="10%" width="80%" height="80%">
      <JMenuBar>
         <JMenu text="File" mnemonic="F">
            <JMenuItem icon="open.gif" text="Open..." mnemonic="O" accelerator="VK_O,CTRL_MASK" actionListener="OpenFile"/>
            <JMenuItem icon="save.gif" text="Save" mnemonic="S" accelerator="VK_S,CTRL_MASK" actionCommand="save" actionListener="SaveFile"/>
            <JMenuItem icon="save.gif" text="Save As..." mnemonic="a" actionCommand="saveas" actionListener="SaveFile"/>
            <Separator/>
            <JMenuItem text="Exit" mnemonic="x" accelerator="VK_X,CTRL_MASK" actionListener="com.bluestone.xwingml.XwingMLExit"/>
         </JMenu>
         <JMenu text="Tools" mnemonic="T">
            <JMenuItem text="Parse" mnemonic="P" actionListener="ParseFile"/>
         </JMenu>
         <JMenu text="Help" mnemonic="H">
            <JMenuItem text="Contents" mnemonic="C"/>
            <JMenuItem text="Index" mnemonic="I"/>
            <JMenuItem text="Search" mnemonic="S"/>
            <Separator/>
            <JMenuItem text="About XMLEdit..." mnemonic="A" actionListener="About"/>
         </JMenu>
      </JMenuBar>
      <JToolBar orientation="HORIZONTAL" constraints="NORTH">
         <JButton icon="open.gif" actionListener="OpenFile"/>
         <JButton icon="save.gif" actionCommand="save" actionListener="SaveFile"/>
         <Separator/>
	<JButton icon="parse.gif" actionListener="ParseFile"/>
         <Separator/>
         <JButton icon="about.gif" actionListener="About"/>
      </JToolBar>
      <JSplitPane dividerSize="4" oneTouchExpandable="true" constraints="CENTER">
         <JScrollPane>
            <JTree name="FileTree" className="XMLTree" cellRenderer="XMLTreeCellRenderer">
               <JPopupMenu popupMenuListener="XMLPopupMenuListener">
                  <JMenuItem text="Expand" actionCommand="expand" actionListener="XMLTreeBranch"/>
                  <JMenuItem text="Collapse"  actionCommand="collapse" actionListener="XMLTreeBranch"/>
                  <Separator/>
                  <JMenuItem text="Edit" actionListener="XMLTreeEdit"/>
               </JPopupMenu>
            </JTree>
         </JScrollPane>
         <JTabbedPane>
            <Tab title="XML">
               <JScrollPane>
                  <JTextArea name="EditorArea" tabSize="3" fontName="Monospaced" fontSize="14"/>
               </JScrollPane>
            </Tab>
            <Tab title="DOM">
               <JScrollPane>
                  <JTree name="DocumentTree" className="DOMTree">
						</JTree>
               </JScrollPane>
            </Tab>
         </JTabbedPane>
     </JSplitPane>
   </JFrame>
</XwingML>