<?xml version="1.0" encoding="UTF-8"?>

<!DOCTYPE web-app PUBLIC '-//Sun Microsystems, Inc.//DTD Web Application 2.2//EN' 'http://java.sun.com/j2ee/dtds/web-app_2.2.dtd'>

<web-app>
  <display-name>JUnit</display-name>
  <description>This component contains the JUnit testing framework.</description>
  <servlet>
    <servlet-name>TestRunner</servlet-name>
    <display-name>TestRunner</display-name>
    <description>This servlet can invoke JUnit test cases in the context of a running application server.</description>
    <servlet-class>junit.servletui.TestRunner</servlet-class>
  </servlet>
  <servlet-mapping>
    <servlet-name>TestRunner</servlet-name>
    <url-pattern>TestRunner</url-pattern>
  </servlet-mapping>
  <session-config>
    <session-timeout>0</session-timeout>
  </session-config>
  <welcome-file-list>
    <welcome-file>index.html</welcome-file>
  </welcome-file-list>
</web-app>

