<?xml version="1.0" encoding="UTF-8"?>

<!DOCTYPE ejb-jar PUBLIC '-//Sun Microsystems, Inc.//DTD Enterprise JavaBeans 1.1//EN' 'http://java.sun.com/j2ee/dtds/ejb-jar_1_1.dtd'>

<ejb-jar>
  <description>The TelephoneNumber sample bean and its test case.</description>
  <display-name>TelephoneNumber</display-name>
  <enterprise-beans>
    <session>
      <description>no description</description>
      <display-name>TelephoneNumber</display-name>
      <ejb-name>TelephoneNumber</ejb-name>
      <home>example2.TelephoneNumberHome</home>
      <remote>example2.TelephoneNumber</remote>
      <ejb-class>example2.TelephoneNumberEJB</ejb-class>
      <session-type>Stateful</session-type>
      <transaction-type>Bean</transaction-type>
    </session>
  </enterprise-beans>
</ejb-jar>

