<?xml version="1.0"?>
<?xml:stylesheet href="../../../document.xsl" type="text/xsl" ?>

<document title="Code generator">

<!-- ################### -->
<section title="Description">
Every now and then the need for a tool to quickly and cleanly generate classes from some high-level definition arise. This is such a tool. From the base generator you can derive your own generator which you can easily tailor to suit your needs. <p/>
What makes it so powerful is its ease of use. You simply make a template file using a XML-lookalike language containing an example of how the generated code should look like and then you make a class which inherits the basic codegenerator and implement the tags that you have used in the template.
<br/>
<![CDATA[>
<a target="_top" href="http://z.extreme-dm.com/s/?tag=codegen">
<img name=im src="http://z0.extreme-dm.com/i/" height=38 border=0
width=41 alt=""></a><script language="javascript"><!--
an=navigator.appName;d=document;function
pr(){d.write("<img src=\"http://z1.extreme-dm.com",
"/z/?tag=codegen&j=y&srw="+srw+"&srb="+srb+"&",
"rs="+r+"&l="+escape(d.referrer)+"\" height=1 ",
"width=1>");}srb="na";srw="na";//-->
</script><script language="javascript1.2"><!--
s=screen;srw=s.width;an!="Netscape"?
srb=s.colorDepth:srb=s.pixelDepth;//-->
</script><script language="javascript"><!--
r=41;d.images?r=d.im.width:z=0;pr();//-->
</script><noscript><img height=1 width=1 alt="" 
src="http://z1.extreme-dm.com/z/?tag=codegen&j=n"></noscript>
<x ]]>

</section>

<!-- ################### -->
<section title="News">
<news title="JDK1.1 bug fixed" date="1999-03-10">
Fixed a JDK1.1 bug which caused a NullPointerException in includeResource.
</news>

<news title="Compilation, keepgenerated and 1.2-support" date="1999-01-05">
<list>
<li>The generator can now compile the generated source</li>
<li>An option to keep the generated source has been added (default is to remove after compilation)</li>
<li>If the code generator is added as a 1.2-extension it wasn't able to access application-classes, which thus could not be used for generation of new classes. This has been fixed, while keeping 1.1-compatibility</li>
</list>
</news>

<news title="Recoded and docs" date="1999-01-05">
<list>
<li>The core generator-function has been recoded and is now much easier to read</li>
<li><![CDATA[>Added '&lt;'-escaping<x ]]></li>
<li>Added docs (at last)</li>
</list>
</news>

<news title="Javadoc 1.2 and standalone usage" date="1998-12-01">
The javadoc has been regenerated using JDK1.2-style.<BR/>
I have also added a main()-method which makes it possible to use it from the commandline and without subclassing it.
</news>

<news title="First version done" date="1998-08-21">
The first version of the package was released. There is still alot of documentation to be done. The error handling is also not that good yet. But hey, it works :-)
</news>

</section>

<!-- ################### -->
<section title="Documentation">
To use the codegenerator (or make a custom one) there are two things to do:<BR/>
<list>
<li>Create a code-template</li>
<li>(Optional) Create a custom generator</li>
</list>

Both steps are explained below.

<section title="Creating a template">
The basic idea of this generator is that you make a template of how your code should look and then you run it through the generator which 
replaces the "tags" with real values. For example, the following is an example of a template:
<![CDATA[> 
<code><pre>// This code was generated on &lt;now/&gt;
&lt;hasPackage&gt;package &lt;packageName/&gt;;&lt;/hasPackage&gt;

import java.util.Observer;

public class 
  implements Observer
{
   Observer obs;

   public void Test(Observer obs)
   {
     this.obs = obs;
   }
   
   &lt;publicMethod&gt;
   public &lt;returnType/&gt; &lt;methodName/&gt;(&lt;parameter&gt;&lt;type/&gt; &lt;name/&gt;&lt;comma/&gt;&lt;/parameter&gt;)
      &lt;hasExceptions&gt;throws &lt;exception&gt;&lt;type/&gt;&lt;comma/&gt;&lt;/exception&gt;&lt;/hasExceptions&gt;
   {
      System.out.println("Observer was called");
      &lt;returnResult/&gt; obs.&lt;methodName/&gt;(&lt;parameter&gt;&lt;name/&gt;&lt;comma/&gt;&lt;/parameter&gt;);
   }
   
   &lt;/publicMethod&gt;
}</pre></code>
<x ]]>

There are three types of tags:
<list>
<li><strong>Attributes</strong>: these refer to public attributes that you have defined in your code generator. Example: <![CDATA[> &lt;packageName/&gt; <x ]]></li>
<li><strong>Simple commands</strong>: these refer to public methods which return a string and have no arguments. Example: <![CDATA[> &lt;now/&gt; <x ]]></li>
<li><strong>Block commands</strong>: these refer to public methods which return void and take a string as argument. Example: <![CDATA[> &lt;parameter&gt;...&lt;/parameter&gt; <x ]]></li>
</list>
<![CDATA[> 
Attributes are the simplest and are useful if you simply want to put some known attribute somewhere in the code. 
Simple commands are for attributes that requires some computation (for example, the current date).
Block commands are useful for optional code or iterative attributes, such as "generate this code for each public method in the given class" (used above).
<p/>
Since the code-generator looks for tags of the format '&lt;tagname&gt;' you can't have a '&lt;' on its own in the code (the generator will interpret this as a syntax error). 
To get around this you can escape it by simply using '&lt;&lt;' instead. 
<x ]]>
</section>

<section title="Creating a custom generator">
If the tags that are supplied in the CodeGenerator-class itself are not enough for you, then you can simply create a new class which extends
the CodeGenerator and which contains the tags you need. For hints on how to code tags please look in the <a href="../src/codegen/CodeGenerator.java">CodeGenerator source</a>.
<p/>
A simple example of a custom generator might look like this:
<code><pre>public class MyGen
  extends codegen.CodeGenerator
{
  // Returns the name of the user who run the generator
  public String generatorUser() 
  {
    return System.getProperty("user.name");
  }
}
</pre></code>
</section>

<section title="Example">
There is a simple example template in /lib. Go there and type (Windows):
<pre>java -classpath ../classes;%CLASSPATH% codegen.CodeGenerator example.jt Test.java java.util.Observer</pre>

Or if you use UNIX:
<pre>java -classpath ../classes;$CLASSPATH codegen.CodeGenerator example.jt Test.java java.util.Observer</pre>
This will generate the file Test.java from using example.jt as template and java.util.Observer as class to derive from.
</section>

<section title="API documentation">
Javadoc for this package can be found <a href="api/index.html">here</a>.
</section>

</section>

<!-- ################### -->
<section title="Download">
You can download compiled classes, sourcefiles and documentation 
<a href="../../codegen.zip">here</a>.
</section>

<!-- ################### -->
<section title="Feedback">
If you find any bugs please let me know! You can mail me at <a href="mailto:ricob684@student.liu.se">ricob684@student.liu.se</a>. Any comments are also welcome of course!
</section>

<!-- ################### -->
<section title="Known issues">
None so far :-)
</section>

</document>
