<?xml version="1.0" encoding="UTF-8"?>
<!DOCTYPE RowSet PUBLIC '-//Sun Microsystems, Inc.//DTD RowSet//EN' 'http://java.sun.com/j2ee/dtds/RowSet.dtd'>

<RowSet>
  <properties>
    <command>select col1, col2 from test_table</command>
    <concurrency>1007</concurrency>
    <datasource><null/></datasource>
    <escape-processing>true</escape-processing>
    <fetch-direction>0</fetch-direction>
    <fetch-size>0</fetch-size>
    <isolation-level>1</isolation-level>
    <key-columns>
      <column>1</column>
      <column>2</column>
    </key-columns>
    <map></map>
    <max-field-size>0</max-field-size>
    <max-rows>0</max-rows>
    <query-timeout>0</query-timeout>
    <read-only>true</read-only>
    <rowset-type>1004</rowset-type>
    <show-deleted>false</show-deleted>
    <table-name><null/></table-name>
    <url>jdbc:odbc:oracle</url>
  </properties>
  <metadata>
    <column-count>2</column-count>
    <column-definition>
      <column-index>1</column-index>
      <auto-increment>false</auto-increment>
      <case-sensitive>true</case-sensitive>
      <currency>false</currency>
      <nullable>1</nullable>
      <signed>false</signed>
      <searchable>true</searchable>
      <column-display-size>10</column-display-size>
      <column-label>COL1</column-label>
      <column-name>COL1</column-name>
      <schema-name></schema-name>
      <column-precision>10</column-precision>
      <column-scale>0</column-scale>
      <table-name></table-name>
      <catalog-name></catalog-name>
      <column-type>1</column-type>
      <column-type-name>CHAR</column-type-name>
    </column-definition>
    <column-definition>
      <column-index>2</column-index>
      <auto-increment>false</auto-increment>
      <case-sensitive>false</case-sensitive>
      <currency>false</currency>
      <nullable>1</nullable>
      <signed>true</signed>
      <searchable>true</searchable>
      <column-display-size>39</column-display-size>
      <column-label>COL2</column-label>
      <column-name>COL2</column-name>
      <schema-name></schema-name>
      <column-precision>38</column-precision>
      <column-scale>0</column-scale>
      <table-name></table-name>
      <catalog-name></catalog-name>
      <column-type>3</column-type>
      <column-type-name>NUMBER</column-type-name>
    </column-definition>
  </metadata>
  <data>
    <row>
      <col>zero      </col>
      <col>0</col>
    </row>
    <row>
      <col>one       </col>
      <col>1</col>
    </row>
    <del>
      <col>two       </col>
      <upd>Big Number</upd>
      <col>2</col>
      <upd>9999</upd>
    </del>
    <ins>
      <col>go</col>
      <upd>five</upd>
      <col>5</col>
    </ins>
    <row>
      <col><null/></col>
      <col><null/></col>
    </row>
    <row>
      <col>three     </col>
      <col>3</col>
    </row>
  </data>
</RowSet>
