<?xml version="1.0"?>
<!DOCTYPE XwingML SYSTEM "file:///c:/XwingML/xml/xwingml.dtd">
<XwingML>
   <Classes>
      <Instance name="OpenFile" className="XMLOpenFile"/>
      <Instance name="SaveFile" className="XMLSaveFile"/>
   </Classes>
   <JFrame name="MainFrame" title="Bluestone XML Notepad" image="icon.gif" x="20%" y="20%" width="60%" height="60%">
      <JMenuBar>
         <JMenu text="File" mnemonic="F">
            <JMenuItem icon="open.gif" text="Open..." mnemonic="O" accelerator="VK_O,CTRL_MASK" actionListener="OpenFile"/>
            <JMenuItem icon="save.gif" text="Save" mnemonic="S" accelerator="VK_S,CTRL_MASK" actionCommand="save" actionListener="SaveFile"/>
            <JMenuItem icon="save.gif" text="Save As..." mnemonic="a" actionCommand="saveas" actionListener="SaveFile"/>
            <Separator/>
            <JMenuItem text="Exit" mnemonic="x" accelerator="VK_X,CTRL_MASK" actionListener="com.bluestone.xwingml.XwingMLExit"/>
         </JMenu>
      </JMenuBar>
      <JToolBar orientation="HORIZONTAL" constraints="NORTH">
         <JButton icon="open.gif" actionListener="OpenFile"/>
         <JButton icon="save.gif" actionCommand="save" actionListener="SaveFile"/>
      </JToolBar>
      <JScrollPane>
         <JTextArea name="EditorArea" tabSize="3" fontName="Monospaced" fontSize="14"/>
      </JScrollPane>
   </JFrame>
</XwingML>